study,n,d,cell,case,config,reference,replications,first_only,reference_only,paired_difference,mcse,ci_low,ci_high
main_conditional,200,2,C0,C0,proposed,baseline,1000,39,54,-0.015,0.009636797594007455,-0.03388777621055686,0.003887776210556859
main_conditional,200,2,C1,C1,proposed,baseline,500,0,13,-0.026,0.007123868260853509,-0.03996252522188087,-0.01203747477811913
main_conditional,200,2,C2,C2,proposed,baseline,500,27,44,-0.034,0.01680037216879495,-0.06692812437770718,-0.0010718756222928214
main_conditional,200,5,C0,C0,proposed,baseline,1000,58,96,-0.038,0.012357536514561012,-0.06222032650617822,-0.013779673493821785
main_conditional,200,5,C1,C1,proposed,baseline,500,0,28,-0.056,0.01029271002989587,-0.07617334096191009,-0.03582665903808992
main_conditional,200,5,C2,C2,proposed,baseline,500,43,51,-0.016,0.019396919367825494,-0.054017263371965406,0.022017263371965405
main_conditional,400,2,C0,C0,proposed,baseline,1000,27,48,-0.021,0.00863907597105348,-0.037932277762970215,-0.004067722237029784
main_conditional,400,2,C1,C1,proposed,baseline,500,0,7,-0.014,0.005259593772650756,-0.024308614367706628,-0.0036913856322933706
main_conditional,400,2,C2,C2,proposed,baseline,500,46,22,0.048,0.016368501938522743,0.015918325719621366,0.08008167428037863
main_conditional,400,5,C0,C0,proposed,baseline,1000,65,68,-0.003,0.011537942802949066,-0.02561395234946329,0.019613952349463292
main_conditional,400,5,C1,C1,proposed,baseline,500,0,11,-0.022,0.006566447781940087,-0.03487000115896549,-0.009129998841034506
main_conditional,400,5,C2,C2,proposed,baseline,500,48,20,0.056,0.016317491260671297,0.02401830481103718,0.08798169518896282
main_conditional,800,2,C0,C0,proposed,baseline,1000,45,37,0.008,0.009056379962105059,-0.009750178556036136,0.025750178556036136
main_conditional,800,2,C1,C1,proposed,baseline,500,0,3,-0.006,0.003457152557758369,-0.012775894502266932,0.0007758945022669321
main_conditional,800,2,C2,C2,proposed,baseline,500,41,12,0.058,0.01434166541003753,0.029890852318002578,0.08610914768199743
main_conditional,800,5,C0,C0,proposed,baseline,1000,60,63,-0.003,0.011095679975292821,-0.024747133135556206,0.018747133135556208
main_conditional,800,5,C1,C1,proposed,baseline,500,0,8,-0.016,0.005617036781471955,-0.027009189791521813,-0.004990810208478188
main_conditional,800,5,C2,C2,proposed,baseline,500,49,16,0.066,0.015867941995304013,0.034899405180433496,0.09710059481956651
main_unconditional,200,0,U0,U0,proposed,baseline,1000,39,37,0.002,0.008721930524377735,-0.01509466970344091,0.01909466970344091
main_unconditional,200,0,U1,U1,proposed,baseline,500,0,8,-0.016,0.005617036781471955,-0.027009189791521813,-0.004990810208478188
main_unconditional,200,0,U2,U2,proposed,baseline,500,134,13,0.242,0.02172131743846411,0.1994270001238485,0.2845729998761515
main_unconditional,400,0,U0,U0,proposed,baseline,1000,41,48,-0.007,0.009436103011309278,-0.025494422056576135,0.011494422056576137
main_unconditional,400,0,U1,U1,proposed,baseline,500,1,6,-0.01,0.005277851023176544,-0.0203443979211939,0.00034439792119390043
main_unconditional,400,0,U2,U2,proposed,baseline,500,136,7,0.258,0.020970252812162565,0.2168990597414616,0.2991009402585384
main_unconditional,800,0,U0,U0,proposed,baseline,1000,33,30,0.003,0.00794065828845783,-0.012563404258916815,0.018563404258916814
main_unconditional,800,0,U1,U1,proposed,baseline,500,0,3,-0.006,0.003457152557758369,-0.012775894502266932,0.0007758945022669321
main_unconditional,800,0,U2,U2,proposed,baseline,500,114,5,0.218,0.019537539017535535,0.17970712717908427,0.25629287282091573
seoul,200,5,C0,C0,proposed,baseline,1000,65,66,-0.001,0.011451206492336522,-0.023443952304510827,0.021443952304510825
seoul,200,5,C1,C1,proposed,baseline,500,0,14,-0.028,0.0073851934412260765,-0.04247471316366454,-0.013525286836335467
seoul,200,5,C2,C2,proposed,baseline,500,35,46,-0.022,0.01799109109302254,-0.05726189058490353,0.013261890584903534
seoul,400,5,C0,C0,proposed,baseline,1000,54,56,-0.002,0.0104931456725858,-0.02256618760280049,0.018566187602800488
seoul,400,5,C1,C1,proposed,baseline,500,0,10,-0.02,0.006267260734501834,-0.03228360532134564,-0.00771639467865436
seoul,400,5,C2,C2,proposed,baseline,500,47,17,0.06,0.015789192417422392,0.0290537515168792,0.0909462484831208
seoul,800,5,C0,C0,proposed,baseline,1000,52,33,0.019,0.009204549077696514,0.0009594153137834627,0.037040584686216536
seoul,800,5,C1,C1,proposed,baseline,500,0,4,-0.008,0.003987957825156939,-0.015816253709172282,-0.00018374629082771807
seoul,800,5,C2,C2,proposed,baseline,500,58,7,0.102,0.015481322381675629,0.07165716569886191,0.13234283430113808
