study,n,d,cell,case,config,method,y_multiplier,rho400,replications,rejections,rate,ci_low,ci_high,mcse,failures
main_conditional,200,2,C0,C0,baseline,KCI,1.0,0.01,1000,70,0.07,0.05577636414629404,0.08751464815128336,0.008068457101577725,0
main_conditional,200,2,C0,C0,proposed,CSIC_CI,2.0,0.01,1000,55,0.055,0.04249742737476844,0.07090838767737563,0.00720936890441875,0
main_conditional,200,2,C1,C1,baseline,KCI,1.0,0.01,500,500,1.0,0.9923756595384479,1.0,0.0,0
main_conditional,200,2,C1,C1,proposed,CSIC_CI,2.0,0.01,500,487,0.974,0.9560285091657758,0.9847436160766728,0.007116740827092135,0
main_conditional,200,2,C2,C2,baseline,KCI,1.0,0.01,500,407,0.814,0.7775459059402153,0.8456660082499298,0.017401379255679708,0
main_conditional,200,2,C2,C2,proposed,CSIC_CI,2.0,0.01,500,390,0.78,0.7416313019131544,0.8140990674283763,0.018525657883055057,0
main_conditional,200,5,C0,C0,baseline,KCI,1.0,0.01,1000,146,0.146,0.1254692734304005,0.1692400715773725,0.011166198995181842,0
main_conditional,200,5,C0,C0,proposed,CSIC_CI,2.0,0.01,1000,108,0.108,0.09024119856255189,0.12875898009012332,0.009815090422405696,0
main_conditional,200,5,C1,C1,baseline,KCI,1.0,0.01,500,500,1.0,0.9923756595384479,1.0,0.0,0
main_conditional,200,5,C1,C1,proposed,CSIC_CI,2.0,0.01,500,472,0.944,0.920255206353293,0.9609743793168485,0.010282412168358165,0
main_conditional,200,5,C2,C2,baseline,KCI,1.0,0.01,500,367,0.734,0.6935922104844646,0.770839598179529,0.019760769215797242,0
main_conditional,200,5,C2,C2,proposed,CSIC_CI,2.0,0.01,500,359,0.718,0.6770122207860065,0.7556635667727567,0.020123419192572618,0
main_conditional,400,2,C0,C0,baseline,KCI,1.0,0.01,1000,74,0.074,0.05935499258410698,0.09190540564558597,0.00827792244467173,0
main_conditional,400,2,C0,C0,proposed,CSIC_CI,2.0,0.01,1000,53,0.053,0.04074650524859452,0.06867461683749176,0.00708456067798138,0
main_conditional,400,2,C1,C1,baseline,KCI,1.0,0.01,500,500,1.0,0.9923756595384479,1.0,0.0,0
main_conditional,400,2,C1,C1,proposed,CSIC_CI,2.0,0.01,500,493,0.986,0.9713869308622147,0.9932022102091564,0.0052543315464481325,0
main_conditional,400,2,C2,C2,baseline,KCI,1.0,0.01,500,411,0.822,0.7860548114500956,0.8530351132926648,0.01710648999648964,0
main_conditional,400,2,C2,C2,proposed,CSIC_CI,2.0,0.01,500,435,0.87,0.8376786384230859,0.8966793496353656,0.015039946808416579,0
main_conditional,400,5,C0,C0,baseline,KCI,1.0,0.01,1000,101,0.101,0.08382401065239914,0.12122974261907385,0.009528850927577786,0
main_conditional,400,5,C0,C0,proposed,CSIC_CI,2.0,0.01,1000,98,0.098,0.08108201152335034,0.11799470229903597,0.009401914698613257,0
main_conditional,400,5,C1,C1,baseline,KCI,1.0,0.01,500,500,1.0,0.9923756595384479,1.0,0.0,0
main_conditional,400,5,C1,C1,proposed,CSIC_CI,2.0,0.01,500,489,0.978,0.9610391387886836,0.9876719917300725,0.006559878047646925,0
main_conditional,400,5,C2,C2,baseline,KCI,1.0,0.01,500,400,0.8,0.7627108946948261,0.8327145010282427,0.017888543819998316,0
main_conditional,400,5,C2,C2,proposed,CSIC_CI,2.0,0.01,500,428,0.856,0.8225095437017246,0.8840619258896502,0.015701210144444283,0
main_conditional,800,2,C0,C0,baseline,KCI,1.0,0.01,1000,45,0.045,0.03379951228563171,0.059682837936223455,0.0065555320150236475,0
main_conditional,800,2,C0,C0,proposed,CSIC_CI,2.0,0.01,1000,53,0.053,0.04074650524859452,0.06867461683749176,0.00708456067798138,0
main_conditional,800,2,C1,C1,baseline,KCI,1.0,0.01,500,500,1.0,0.9923756595384479,1.0,0.0,0
main_conditional,800,2,C1,C1,proposed,CSIC_CI,2.0,0.01,500,497,0.994,0.9825097478959467,0.9979574037280398,0.0034536936748935927,0
main_conditional,800,2,C2,C2,baseline,KCI,1.0,0.01,500,418,0.836,0.8010053635257086,0.8658710796841282,0.0165592270351004,0
main_conditional,800,2,C2,C2,proposed,CSIC_CI,2.0,0.01,500,447,0.894,0.8639490699892671,0.9180429497270297,0.013766916866168691,0
main_conditional,800,5,C0,C0,baseline,KCI,1.0,0.01,1000,88,0.088,0.07198099794232085,0.10717225104977657,0.008958571314668427,0
main_conditional,800,5,C0,C0,proposed,CSIC_CI,2.0,0.01,1000,85,0.085,0.06926331853965456,0.10391289100335621,0.008819013550278738,0
main_conditional,800,5,C1,C1,baseline,KCI,1.0,0.01,500,500,1.0,0.9923756595384479,1.0,0.0,0
main_conditional,800,5,C1,C1,proposed,CSIC_CI,2.0,0.01,500,492,0.984,0.9687488914666058,0.9918707469666117,0.00561141693336006,0
main_conditional,800,5,C2,C2,baseline,KCI,1.0,0.01,500,421,0.842,0.8074376489887337,0.8713473021355645,0.016311713582576173,0
main_conditional,800,5,C2,C2,proposed,CSIC_CI,2.0,0.01,500,454,0.908,0.8794612618638256,0.930317276319548,0.012925633446759966,0
main_unconditional,200,0,U0,U0,baseline,HSIC,1.0,,1000,49,0.049,0.037261034647360615,0.06419070150661013,0.006826346021115542,0
main_unconditional,200,0,U0,U0,proposed,CSIC,2.0,,1000,51,0.051,0.03900094277526684,0.06643548634476165,0.00695693898205238,0
main_unconditional,200,0,U1,U1,baseline,HSIC,1.0,,500,499,0.998,0.9887592932948532,0.9996468636054407,0.001997998998998749,0
main_unconditional,200,0,U1,U1,proposed,CSIC,2.0,,500,491,0.982,0.9661483290912607,0.990501806703803,0.005945754788082,0
main_unconditional,200,0,U2,U2,baseline,HSIC,1.0,,500,223,0.446,0.4030063915853302,0.4898170371845176,0.022229889788300795,0
main_unconditional,200,0,U2,U2,proposed,CSIC,2.0,,500,344,0.688,0.6460861967117412,0.727047051274715,0.020719845559269985,0
main_unconditional,400,0,U0,U0,baseline,HSIC,1.0,,1000,62,0.062,0.04866418011998064,0.07868806031336564,0.007626008130076967,0
main_unconditional,400,0,U0,U0,proposed,CSIC,2.0,,1000,55,0.055,0.04249742737476844,0.07090838767737563,0.00720936890441875,0
main_unconditional,400,0,U1,U1,baseline,HSIC,1.0,,500,499,0.998,0.9887592932948532,0.9996468636054407,0.001997998998998749,0
main_unconditional,400,0,U1,U1,proposed,CSIC,2.0,,500,494,0.988,0.9740696388835527,0.9944890048259724,0.004869496893930627,0
main_unconditional,400,0,U2,U2,baseline,HSIC,1.0,,500,297,0.594,0.5503970661272916,0.6361695578659367,0.021961967125009547,0
main_unconditional,400,0,U2,U2,proposed,CSIC,2.0,,500,426,0.852,0.8181938697042727,0.8804385946107945,0.015880554146502572,0
main_unconditional,800,0,U0,U0,baseline,HSIC,1.0,,1000,50,0.05,0.03813026239274882,0.06531382024425081,0.006892024376045111,0
main_unconditional,800,0,U0,U0,proposed,CSIC,2.0,,1000,53,0.053,0.04074650524859452,0.06867461683749176,0.00708456067798138,0
main_unconditional,800,0,U1,U1,baseline,HSIC,1.0,,500,500,1.0,0.9923756595384479,1.0,0.0,0
main_unconditional,800,0,U1,U1,proposed,CSIC,2.0,,500,497,0.994,0.9825097478959467,0.9979574037280398,0.0034536936748935927,0
main_unconditional,800,0,U2,U2,baseline,HSIC,1.0,,500,351,0.702,0.6604929783319653,0.7404267881215676,0.020454632727086548,0
main_unconditional,800,0,U2,U2,proposed,CSIC,2.0,,500,460,0.92,0.8928936834221488,0.9407018705901475,0.012132600710482479,0
seoul,200,5,C0,C0,baseline,KCI,1.0,0.01,1000,98,0.098,0.08108201152335034,0.11799470229903597,0.009401914698613257,0
seoul,200,5,C0,C0,proposed,CSIC_CI,2.0,0.01,1000,97,0.097,0.08016916179032305,0.1169152055490344,0.00935900635751467,0
seoul,200,5,C1,C1,baseline,KCI,1.0,0.01,500,500,1.0,0.9923756595384479,1.0,0.0,0
seoul,200,5,C1,C1,proposed,CSIC_CI,2.0,0.01,500,486,0.972,0.9535535973250511,0.9832490252792436,0.0073778045514909145,0
seoul,200,5,C2,C2,baseline,KCI,1.0,0.01,500,410,0.82,0.7839253300173655,0.851195092087241,0.017181385275931625,0
seoul,200,5,C2,C2,proposed,CSIC_CI,2.0,0.01,500,399,0.798,0.7605971137604937,0.8308587793244213,0.01795527777562909,0
seoul,400,5,C0,C0,baseline,KCI,1.0,0.01,1000,76,0.076,0.06114944807170235,0.0940956431240484,0.008379976133617566,0
seoul,400,5,C0,C0,proposed,CSIC_CI,2.0,0.01,1000,74,0.074,0.05935499258410698,0.09190540564558597,0.00827792244467173,0
seoul,400,5,C1,C1,baseline,KCI,1.0,0.01,500,500,1.0,0.9923756595384479,1.0,0.0,0
seoul,400,5,C1,C1,proposed,CSIC_CI,2.0,0.01,500,490,0.98,0.9635798167531208,0.9891008164037892,0.006260990336999414,0
seoul,400,5,C2,C2,baseline,KCI,1.0,0.01,500,400,0.8,0.7627108946948261,0.8327145010282427,0.017888543819998316,0
seoul,400,5,C2,C2,proposed,CSIC_CI,2.0,0.01,500,430,0.86,0.826833135055546,0.8876773398121365,0.01551773179301666,0
seoul,800,5,C0,C0,baseline,KCI,1.0,0.01,1000,53,0.053,0.04074650524859452,0.06867461683749176,0.00708456067798138,0
seoul,800,5,C0,C0,proposed,CSIC_CI,2.0,0.01,1000,72,0.072,0.05756392168091441,0.08971178358272076,0.008174105455644672,0
seoul,800,5,C1,C1,baseline,KCI,1.0,0.01,500,500,1.0,0.9923756595384479,1.0,0.0,0
seoul,800,5,C1,C1,proposed,CSIC_CI,2.0,0.01,500,496,0.992,0.9796129641658948,0.9968846848199377,0.003983967871356396,0
seoul,800,5,C2,C2,baseline,KCI,1.0,0.01,500,399,0.798,0.7605971137604937,0.8308587793244213,0.01795527777562909,0
seoul,800,5,C2,C2,proposed,CSIC_CI,2.0,0.01,500,450,0.9,0.8705780903680599,0.9233224372626984,0.013416407864998736,0
